Date,demand
1/1/2016,160314.2929
1/2/2016,172989.0838
1/3/2016,170082.8384
1/4/2016,192229.777
1/5/2016,195402.6596
1/6/2016,193849.89
1/7/2016,194305.1351
1/8/2016,195085.8325
1/9/2016,184749.8385
1/10/2016,169707.8676
1/11/2016,192979.7255
1/12/2016,193677.6948
1/13/2016,195414.0723
1/14/2016,197857.173
1/15/2016,197412.651
1/16/2016,191032.8393
1/17/2016,176978.6464
1/18/2016,200371.5121
1/19/2016,199618.2735
1/20/2016,195912.0325
1/21/2016,192908.1466
1/22/2016,198280.5232
1/23/2016,184238.7761
1/24/2016,168315.5914
1/25/2016,190233.6322
1/26/2016,190395.581
1/27/2016,186174.2614
1/28/2016,187723.7004
1/29/2016,189400.4914
1/30/2016,183909.6136
1/31/2016,175606.8155
2/1/2016,194484.3026
2/2/2016,191773.3492
2/3/2016,190118.4474
2/4/2016,185115.1455
2/5/2016,192672.6089
2/6/2016,180934.6991
2/7/2016,165014.5801
2/8/2016,188097.9613
2/9/2016,197920.8064
2/10/2016,197614.9032
2/11/2016,198004.4919
2/12/2016,197221.7283
2/13/2016,186828.3025
2/14/2016,175308.0224
2/15/2016,202457.2387
2/16/2016,202266.804
2/17/2016,199491.9112
2/18/2016,197724.3504
2/19/2016,195106.695
2/20/2016,185886.0898
2/21/2016,177273.3794
2/22/2016,192498.8559
2/23/2016,185813.9739
2/24/2016,189655.6894
2/25/2016,194276.9236
2/26/2016,204556.5984
2/27/2016,187101.9864
2/28/2016,174620.2578
2/29/2016,194693.5778
3/1/2016,194847.5421
3/2/2016,194346.4142
3/3/2016,198531.6461
3/4/2016,200970.6032
3/5/2016,190586.9839
3/6/2016,175608.2439
3/7/2016,194433.7431
3/8/2016,200145.3543
3/9/2016,199155.5592
3/10/2016,193015.3889
3/11/2016,193214.735
3/12/2016,188889.1446
3/13/2016,179901.8974
3/14/2016,190248.3845
3/15/2016,195131.6498
3/16/2016,199219.5468
3/17/2016,202969.3919
3/18/2016,203270.0955
3/19/2016,187365.6477
3/20/2016,174958.4953
3/21/2016,198825.8845
3/22/2016,196397.5336
3/23/2016,192549.9232
3/24/2016,190794.0717
3/25/2016,175591.5764
3/26/2016,172978.8968
3/27/2016,174770.2049
3/28/2016,195786.799
3/29/2016,193273.9138
3/30/2016,196322.7257
3/31/2016,199285.7241
4/1/2016,188143.1379
4/2/2016,175719.4888
4/3/2016,156965.688
4/4/2016,175254.1542
4/5/2016,183896.8988
4/6/2016,185848.2376
4/7/2016,182989.7174
4/8/2016,180834.4059
4/9/2016,175375.4984
4/10/2016,166649.2014
4/11/2016,184971.3897
4/12/2016,189146.7647
4/13/2016,186812.6882
4/14/2016,188465.1693
4/15/2016,191629.3665
4/16/2016,174985.1243
4/17/2016,165410.959
4/18/2016,181701.2215
4/19/2016,186581.6461
4/20/2016,183919.0344
4/21/2016,182276.1656
4/22/2016,191686.376
4/23/2016,181597.0471
4/24/2016,171094.8806
4/25/2016,189545.2739
4/26/2016,191344.6806
4/27/2016,192102.1875
4/28/2016,193353.446
4/29/2016,193795.6186
4/30/2016,181339.1532
5/1/2016,169325.5521
5/2/2016,188696.2893
5/3/2016,194474.2766
5/4/2016,192903.0024
5/5/2016,193061.2434
5/6/2016,190859.2358
5/7/2016,181085.6728
5/8/2016,169114.3584
5/9/2016,188466.4157
5/10/2016,191925.2061
5/11/2016,190738.6512
5/12/2016,189412.5349
5/13/2016,186862.6431
5/14/2016,180976.3952
5/15/2016,163115.6272
5/16/2016,178540.0551
5/17/2016,181240.4984
5/18/2016,184181.4156
5/19/2016,183473.7742
5/20/2016,182392.2373
5/21/2016,169809.4615
5/22/2016,166068.4488
5/23/2016,186979.4702
5/24/2016,192402.2306
5/25/2016,183713.0322
5/26/2016,186358.9824
5/27/2016,189314.4575
5/28/2016,179437.1447
5/29/2016,173357.6014
5/30/2016,186406.1937
5/31/2016,187051.539
6/1/2016,191361.0549
6/2/2016,191871.7632
6/3/2016,195642.2705
6/4/2016,179262.794
6/5/2016,177871.1135
6/6/2016,187806.414
6/7/2016,189429.9313
6/8/2016,184029.3164
6/9/2016,190623.2065
6/10/2016,187645.1897
6/11/2016,180442.2702
6/12/2016,167602.8876
6/13/2016,185435.6951
6/14/2016,189339.6985
6/15/2016,187195.4811
6/16/2016,185386.0546
6/17/2016,187311.8963
6/18/2016,174390.247
6/19/2016,166692.1849
6/20/2016,184993.4528
6/21/2016,182556.0016
6/22/2016,181233.0266
6/23/2016,182020.221
6/24/2016,176751.9166
6/25/2016,170539.9917
6/26/2016,159445.0955
6/27/2016,166334.0028
6/28/2016,178862.6728
6/29/2016,183358.4912
6/30/2016,191382.0303
7/1/2016,182955.5863
7/2/2016,175774.4833
7/3/2016,171570.1016
7/4/2016,181571.481
7/5/2016,180194.1192
7/6/2016,176664.9768
7/7/2016,176384.8729
7/8/2016,178560.2767
7/9/2016,171701.2201
7/10/2016,168562.6773
7/11/2016,180025.5071
7/12/2016,188166.4479
7/13/2016,178507.2357
7/14/2016,180614.4775
7/15/2016,188475.1033
7/16/2016,168909.9023
7/17/2016,172276.5748
7/18/2016,190179.5074
7/19/2016,191843.9431
7/20/2016,187514.2941
7/21/2016,186669.5
7/22/2016,180076.3066
7/23/2016,174545.0986
7/24/2016,175854.7138
7/25/2016,193680.517
7/26/2016,195394.4962
7/27/2016,196707.9872
7/28/2016,199871.6983
7/29/2016,195539.9071
7/30/2016,184382.6273
7/31/2016,171830.1047
8/1/2016,196812.8708
8/2/2016,193206.9083
8/3/2016,188057.9553
8/4/2016,187040.8846
8/5/2016,193311.6822
8/6/2016,184568.9577
8/7/2016,176039.0186
8/8/2016,194812.9611
8/9/2016,192785.9146
8/10/2016,194295.0137
8/11/2016,193781.0912
8/12/2016,195396.6887
8/13/2016,184140.0925
8/14/2016,164037.6987
8/15/2016,174722.1114
8/16/2016,187716.287
8/17/2016,188016.8772
8/18/2016,190108.1384
8/19/2016,196143.8721
8/20/2016,185826.4746
8/21/2016,174124.0772
8/22/2016,192601.3242
8/23/2016,198968.9706
8/24/2016,196384.864
8/25/2016,195639.3687
8/26/2016,196318.043
8/27/2016,189744.0523
8/28/2016,175201.5632
8/29/2016,192475.8381
8/30/2016,193910.3869
8/31/2016,194091.4178
9/1/2016,192213.1602
9/2/2016,193702.3889
9/3/2016,181999.6863
9/4/2016,168433.6619
9/5/2016,189541.374
9/6/2016,193052.9827
9/7/2016,190249.9029
9/8/2016,187012.9993
9/9/2016,186888.5572
9/10/2016,175468.2008
9/11/2016,167354.9063
9/12/2016,188088.7197
9/13/2016,193662.4864
9/14/2016,192411.2846
9/15/2016,190942.9393
9/16/2016,186480.8459
9/17/2016,175680.77
9/18/2016,158973.204
9/19/2016,160640.1142
9/20/2016,183748.8407
9/21/2016,189091.6578
9/22/2016,187598.1406
9/23/2016,190457.8359
9/24/2016,178515.857
9/25/2016,166325.1026
9/26/2016,185428.2162
9/27/2016,188352.6911
9/28/2016,189454.6333
9/29/2016,188739.9891
9/30/2016,188694.3963
10/1/2016,179676.4518
10/2/2016,170385.4915
10/3/2016,190428.3826
10/4/2016,191806.5847
10/5/2016,188779.4182
10/6/2016,189927.1782
10/7/2016,192125.3706
10/8/2016,179650.9169
10/9/2016,163797.3917
10/10/2016,170411.6949
10/11/2016,195191.9586
10/12/2016,191862.9242
10/13/2016,193540.8438
10/14/2016,195316.9815
10/15/2016,181823.1193
10/16/2016,170639.3914
10/17/2016,187170.4132
10/18/2016,185358.207
10/19/2016,185735.8653
10/20/2016,183603.692
10/21/2016,182119.9605
10/22/2016,169904.6325
10/23/2016,157769.2892
10/24/2016,180827.899
10/25/2016,184438.6815
10/26/2016,188434.9743
10/27/2016,192804.9776
10/28/2016,190363.9385
10/29/2016,178929.5585
10/30/2016,168523.2852
10/31/2016,170818.4464
11/1/2016,169620.5094
11/2/2016,191897.8935
11/3/2016,196086.3891
11/4/2016,200208.4163
11/5/2016,186896.7953
11/6/2016,171526.2346
11/7/2016,198508.7015
11/8/2016,199159.8415
11/9/2016,194094.5964
11/10/2016,200343.3917
11/11/2016,198014.7976
11/12/2016,186666.5604
11/13/2016,169837.7177
11/14/2016,197614.3327
11/15/2016,201814.1186
11/16/2016,198327.9343
11/17/2016,198945.013
11/18/2016,202832.4131
11/19/2016,189899.5754
11/20/2016,174900.8504
11/21/2016,197043.1425
11/22/2016,198537.5864
11/23/2016,195780.8756
11/24/2016,198407.6119
11/25/2016,199123.4491
11/26/2016,185900.2516
11/27/2016,171541.3179
11/28/2016,194583.8044
11/29/2016,200647.1159
11/30/2016,198368.305
12/1/2016,195858.3051
12/2/2016,202103.0969
12/3/2016,190669.6842
12/4/2016,174071.1789
12/5/2016,194917.6954
12/6/2016,196072.1406
12/7/2016,181248.9519
12/8/2016,181928.3227
12/9/2016,189389.9757
12/10/2016,181322.2879
12/11/2016,171544.7972
12/12/2016,198349.6787
12/13/2016,202584.9744
12/14/2016,201954.4727
12/15/2016,201853.0896
12/16/2016,198935.7369
12/17/2016,188023.9392
12/18/2016,176117.1766
12/19/2016,202454.8756
12/20/2016,199036.6965
12/21/2016,195072.8376
12/22/2016,197818.3377
12/23/2016,199476.2245
12/24/2016,183973.5266
12/25/2016,164352.8651
12/26/2016,186321.6773
12/27/2016,197881.3432
12/28/2016,202291.7179
12/29/2016,198862.4936
12/30/2016,196560.2
12/31/2016,178715.3153
1/1/2017,194050.5931
1/2/2017,174235.5176
1/3/2017,197419.2465
1/4/2017,199122.4782
1/5/2017,202817.0385
1/6/2017,201319.0174
1/7/2017,189057.5317
1/8/2017,176284.7569
1/9/2017,193762.0509
1/10/2017,200248.3226
1/11/2017,203612.0649
1/12/2017,202579.9803
1/13/2017,202974.5095
1/14/2017,188316.3724
1/15/2017,173670.7497
1/16/2017,198309.1919
1/17/2017,199254.9992
1/18/2017,198449.3197
1/19/2017,200921.8092
1/20/2017,205757.5589
1/21/2017,190072.2579
1/22/2017,174508.2967
1/23/2017,196876.1476
1/24/2017,206901.4694
1/25/2017,207626.6206
1/26/2017,205065.0926
1/27/2017,205545.3903
1/28/2017,196492.6012
1/29/2017,186461.4844
1/30/2017,207669.4137
1/31/2017,210049.2326
2/1/2017,206369.1744
2/2/2017,204803.9163
2/3/2017,204375.8044
2/4/2017,188358.9126
2/5/2017,179822.4741
2/6/2017,200573.1926
2/7/2017,200616.2959
2/8/2017,194456.8458
2/9/2017,197571.2295
2/10/2017,195904.0801
2/11/2017,183213.7323
2/12/2017,170658.3375
2/13/2017,192523.9352
2/14/2017,194706.7124
2/15/2017,191388.9557
2/16/2017,197018.5083
2/17/2017,195791.8934
2/18/2017,181749.4204
2/19/2017,171957.9897
2/20/2017,195112.9368
2/21/2017,204319.8799
2/22/2017,206329.1119
2/23/2017,203698.8062
2/24/2017,205533.2986
2/25/2017,193016.0501
2/26/2017,178531.5468
2/27/2017,200916.3395
2/28/2017,205448.8622
3/1/2017,199009.4664
3/2/2017,199110.2097
3/3/2017,197121.9239
3/4/2017,175371.4793
3/5/2017,164659.6754
3/6/2017,185417.0241
3/7/2017,185677.9965
3/8/2017,184736.1714
3/9/2017,185043.7039
3/10/2017,189708.3893
3/11/2017,178393.5983
3/12/2017,167544.9475
3/13/2017,189705.7154
3/14/2017,193456.9616
3/15/2017,191416.8742
3/16/2017,190958.0008
3/17/2017,192661.5357
3/18/2017,183520.6211
3/19/2017,171364.1834
3/20/2017,190373.4062
3/21/2017,193140.2116
3/22/2017,192706.2788
3/23/2017,191745.528
3/24/2017,191291.6111
3/25/2017,184517.7552
3/26/2017,170280.5487
3/27/2017,192189.9647
3/28/2017,195529.2208
3/29/2017,194341.3528
3/30/2017,192534.35
3/31/2017,191720.8515
4/1/2017,176894.9045
4/2/2017,168274.5391
4/3/2017,189408.8129
4/4/2017,185701.8258
4/5/2017,182667.1455
4/6/2017,185288.6865
4/7/2017,189638.6063
4/8/2017,181421.6719
4/9/2017,170186.3275
4/10/2017,188330.7158
4/11/2017,189533.463
4/12/2017,183862.7936
4/13/2017,181075.1807
4/14/2017,167046.9953
4/15/2017,169670.6996
4/16/2017,170828.2622
4/17/2017,193270.9995
4/18/2017,192103.4987
4/19/2017,169600.9375
4/20/2017,192085.1742
4/21/2017,195562.0077
4/22/2017,189907.5408
4/23/2017,176817.8509
4/24/2017,194943.1342
4/25/2017,195787.7729
4/26/2017,195883.7568
4/27/2017,197013.9808
4/28/2017,199823.6493
4/29/2017,188881.5614
4/30/2017,172802.7662
5/1/2017,171161.1526
5/2/2017,193545.7676
5/3/2017,197626.6428
5/4/2017,199926.4007
5/5/2017,199257.8745
5/6/2017,191671.5281
5/7/2017,180079.4349
5/8/2017,190045.9794
5/9/2017,195216.8549
5/10/2017,197274.6012
5/11/2017,199542.0365
5/12/2017,195390.1163
5/13/2017,187663.5984
5/14/2017,171356.3284
5/15/2017,192278.1628
5/16/2017,195068.4852
5/17/2017,196455.5432
5/18/2017,200713.428
5/19/2017,200485.9775
5/20/2017,190853.1476
5/21/2017,180445.829
5/22/2017,196923.1518
5/23/2017,199960.3264
5/24/2017,199780.3718
5/25/2017,201548.5941
5/26/2017,196992.2267
5/27/2017,183862.9448
5/28/2017,176035.9066
5/29/2017,197276.1989
5/30/2017,197549.446
5/31/2017,197067.5679
6/1/2017,197225.644
6/2/2017,189904.3418
6/3/2017,176702.2457
6/4/2017,174643.7304
6/5/2017,186433.9789
6/6/2017,182985.6114
6/7/2017,177069.6889
6/8/2017,174747.4329
6/9/2017,172650.5816
6/10/2017,171996.4302
6/11/2017,168282.3971
6/12/2017,185007.8627
6/13/2017,186711.0411
6/14/2017,188793.0253
6/15/2017,188610.9745
6/16/2017,188952.5295
6/17/2017,188378.6427
6/18/2017,181591.0114
6/19/2017,189399.1678
6/20/2017,188176.3279
6/21/2017,201843.2215
6/22/2017,206654.5543
6/23/2017,201690.2553
6/24/2017,194309.1019
6/25/2017,182480.1854
6/26/2017,184351.9441
6/27/2017,201012.1021
6/28/2017,201758.3315
6/29/2017,204070.264
6/30/2017,203671.199
7/1/2017,186933.5406
7/2/2017,176422.5925
7/3/2017,199926.7261
7/4/2017,202349.1666
7/5/2017,200172.0957
7/6/2017,198755.2553
7/7/2017,203116.2125
7/8/2017,194120.4162
7/9/2017,182580.9684
7/10/2017,203266.4841
7/11/2017,202496.4971
7/12/2017,199451.5184
7/13/2017,201661.7035
7/14/2017,206747.4766
7/15/2017,190688.1896
7/16/2017,185115.2893
7/17/2017,206206.5745
7/18/2017,203143.548
7/19/2017,197192.0896
7/20/2017,196583.0933
7/21/2017,197951.7829
7/22/2017,192279.795
7/23/2017,179923.7507
7/24/2017,197474.7152
7/25/2017,200356.7954
7/26/2017,198856.2339
7/27/2017,196034.3028
7/28/2017,198691.2777
7/29/2017,191656.117
7/30/2017,181646.5283
7/31/2017,203901.4667
8/1/2017,209604.1915
8/2/2017,200946.8873
8/3/2017,187614.7478
8/4/2017,197634.2195
8/5/2017,191826.3238
8/6/2017,181418.2718
8/7/2017,195737.6684
8/8/2017,195289.3216
8/9/2017,203396.1773
8/10/2017,209023.7642
8/11/2017,211263.0411
8/12/2017,196443.0412
8/13/2017,176053.3142
8/14/2017,195861.1735
8/15/2017,181535.7118
8/16/2017,195102.1722
8/17/2017,198196.4905
8/18/2017,205111.3086
8/19/2017,192337.6891
8/20/2017,180561.8777
8/21/2017,201002.3438
8/22/2017,201290.3689
8/23/2017,201686.8646
8/24/2017,199942.3073
8/25/2017,202154.7365
8/26/2017,191833.2366
8/27/2017,180716.1849
8/28/2017,204962.8942
8/29/2017,205656.5754
8/30/2017,205514.5813
8/31/2017,198511.4981
9/1/2017,198690.2268
9/2/2017,184191.5401
9/3/2017,176701.5377
9/4/2017,195771.1325
9/5/2017,198327.401
9/6/2017,195757.6381
9/7/2017,195745.1505
9/8/2017,199006.0342
9/9/2017,191180.822
9/10/2017,182826.5714
9/11/2017,205297.6685
9/12/2017,200835.6824
9/13/2017,197725.5219
9/14/2017,202372.8517
9/15/2017,195975.3223
9/16/2017,182286.2274
9/17/2017,172226.285
9/18/2017,168007.1023
9/19/2017,171563.8498
9/20/2017,191699.9132
9/21/2017,199450.6517
9/22/2017,196609.949
9/23/2017,187719.3993
9/24/2017,179427.5626
9/25/2017,196980.3712
9/26/2017,196074.8663
9/27/2017,193584.2286
9/28/2017,194837.6485
9/29/2017,194366.8667
9/30/2017,186299.7265
10/1/2017,173454.628
10/2/2017,196077.9808
10/3/2017,195167.7609
10/4/2017,191067.8292
10/5/2017,193698.9156
10/6/2017,197284.4509
10/7/2017,186266.0828
10/8/2017,172222.2513
10/9/2017,174781.9171
10/10/2017,196061.4522
10/11/2017,193805.3591
10/12/2017,192297.0283
10/13/2017,195979.2435
10/14/2017,183668.724
10/15/2017,173800.5479
10/16/2017,193659.4485
10/17/2017,191656.3186
10/18/2017,188605.1252
10/19/2017,196893.2387
10/20/2017,195992.75
10/21/2017,181782.2481
10/22/2017,172054.8343
10/23/2017,197257.4648
10/24/2017,198260.2849
10/25/2017,194962.7448
10/26/2017,196486.9844
10/27/2017,174768.8616
10/28/2017,177732.6388
10/29/2017,174114.4149
10/30/2017,196694.0973
10/31/2017,198855.7521
11/1/2017,179812.0726
11/2/2017,197056.0813
11/3/2017,196911.1475
11/4/2017,181605.706
11/5/2017,170960.0203
11/6/2017,197307.0651
11/7/2017,192673.3653
11/8/2017,192790.7981
11/9/2017,200265.5885
11/10/2017,201560.4587
11/11/2017,193260.3936
11/12/2017,182634.1788
11/13/2017,204752.2375
11/14/2017,200455.3103
11/15/2017,196098.107
11/16/2017,201599.7728
11/17/2017,205408.7039
11/18/2017,192802.0896
11/19/2017,178852.4266
11/20/2017,202620.6639
11/21/2017,201444.766
11/22/2017,209141.5362
11/23/2017,208267.298
11/24/2017,210786.1182
11/25/2017,186168.7026
11/26/2017,187375.8032
11/27/2017,208343.8844
11/28/2017,207381.8438
11/29/2017,205493.5297
11/30/2017,206646.5305
12/1/2017,206768.9885
12/2/2017,193940.1026
12/3/2017,187398.84
12/4/2017,209527.7232
12/5/2017,205905.3527
12/6/2017,198160.7886
12/7/2017,198680.9991
12/8/2017,182819.8132
12/9/2017,185887.8839
12/10/2017,180141.4145
12/11/2017,199586.8742
12/12/2017,200488.0671
12/13/2017,197012.9374
12/14/2017,209314.1126
12/15/2017,215920.4319
12/16/2017,200087.5328
12/17/2017,182805.1308
12/18/2017,209547.4095
12/19/2017,217095.1609
12/20/2017,210170.5183
12/21/2017,214688.6758
12/22/2017,213832.7329
12/23/2017,199877.137
12/24/2017,187088.413
12/25/2017,172628.1295
12/26/2017,209248.8471
12/27/2017,211721.8321
12/28/2017,217691.8468
12/29/2017,216318.8781
12/30/2017,202069.3231
12/31/2017,186003.8904
1/1/2018,173286.4645
1/2/2018,205657.9727
1/3/2018,212705.3348
1/4/2018,212389.8125
1/5/2018,212533.8757
1/6/2018,202807.1235
1/7/2018,190906.852
1/8/2018,209175.1711
1/9/2018,209750.8427
1/10/2018,206770.2645
1/11/2018,206455.9502
1/12/2018,206590.5777
1/13/2018,191532.6356
1/14/2018,185307.3404
1/15/2018,204171.8569
1/16/2018,200028.7908
1/17/2018,208247.48
1/18/2018,209263.0877
1/19/2018,205158.6597
1/20/2018,199574.9766
1/21/2018,182103.5714
1/22/2018,208927.077
1/23/2018,212766.7302
1/24/2018,186118.0099
1/25/2018,211331.3809
1/26/2018,208814.4542
1/27/2018,198319.5325
1/28/2018,185517.7676
1/29/2018,210832.5996
1/30/2018,212558.1511
1/31/2018,187551.0729
2/1/2018,191050.0815
2/2/2018,214071.1417
2/3/2018,198275.5114
2/4/2018,184346.4702
2/5/2018,207682.788
2/6/2018,206564.3735
2/7/2018,209628.8503
2/8/2018,210363.6665
2/9/2018,207678.4794
2/10/2018,198321.9572
2/11/2018,185305.9228
2/12/2018,210302.5561
2/13/2018,214270.1058
2/14/2018,208860.5678
2/15/2018,207348.5553
2/16/2018,209800.9814
2/17/2018,199624.8671
2/18/2018,186505.5308
2/19/2018,208931.6503
2/20/2018,215912.2688
2/21/2018,217607.1967
2/22/2018,215732.4387
2/23/2018,216548.2732
2/24/2018,198443.7153
2/25/2018,184620.842
2/26/2018,210889.3203
2/27/2018,213295.4629
2/28/2018,211414.6446
3/1/2018,207258.3844
3/2/2018,208920.7236
3/3/2018,194885.1235
3/4/2018,180713.1378
3/5/2018,205905.6281
3/6/2018,211505.2333
3/7/2018,199146.5672
3/8/2018,205174.4329
3/9/2018,207982.2363
3/10/2018,197260.4782
3/11/2018,183883.7768
3/12/2018,207573.2715
3/13/2018,207447.3128
3/14/2018,203302.6114
3/15/2018,207986.0804
3/16/2018,209429.9695
3/17/2018,196422.7566
3/18/2018,183288.5719
3/19/2018,204918.5848
3/20/2018,211379.092
3/21/2018,207141.0141
3/22/2018,210065.8279
3/23/2018,208977.875
3/24/2018,201621.2329
3/25/2018,188951.7178
3/26/2018,211813.4124
3/27/2018,214898.4388
3/28/2018,214074.6371
3/29/2018,210715.2836
3/30/2018,182321.457
3/31/2018,177787.4518
4/1/2018,173293.9322
4/2/2018,194431.2782
4/3/2018,197157.2023
4/4/2018,198498.7857
4/5/2018,197358.2546
4/6/2018,196872.9832
4/7/2018,190181.0853
4/8/2018,177208.1169
4/9/2018,197496.7451
4/10/2018,199589.8664
4/11/2018,195533.7718
4/12/2018,195341.2926
4/13/2018,198551.9889
4/14/2018,188878.3756
4/15/2018,177217.9989
4/16/2018,196976.9345
4/17/2018,199527.2762
4/18/2018,200061.4371
4/19/2018,201599.5782
4/20/2018,203942.6165
4/21/2018,192973.5522
4/22/2018,180064.7433
4/23/2018,198321.018
4/24/2018,200375.7686
4/25/2018,199092.2062
4/26/2018,200921.2441
4/27/2018,203548.688
4/28/2018,196443.1625
4/29/2018,178577.5763
4/30/2018,193594.1953
5/1/2018,178275.4877
5/2/2018,198958.1288
5/3/2018,202439.5268
5/4/2018,203294.3763
5/5/2018,191575.3126
5/6/2018,180281.351
5/7/2018,200654.577
5/8/2018,200317.8675
5/9/2018,200714.1199
5/10/2018,201898.5072
5/11/2018,199791.7821
5/12/2018,201253.426
5/13/2018,184285.4524
5/14/2018,204640.6277
5/15/2018,207055.8943
5/16/2018,203597.7167
5/17/2018,205894.5354
5/18/2018,206756.8436
5/19/2018,196124.3459
5/20/2018,183460.1026
5/21/2018,188237.9575
5/22/2018,203364.4169
5/23/2018,203147.7032
5/24/2018,203079.9202
5/25/2018,207381.9743
5/26/2018,203143.6863
5/27/2018,189310.3993
5/28/2018,209278.5716
5/29/2018,209913.691
5/30/2018,209263.2558
5/31/2018,210338.9901
6/1/2018,213434.001
6/2/2018,202090.5808
6/3/2018,193458.6086
6/4/2018,215418.2743
6/5/2018,213916.0232
6/6/2018,206266.627
6/7/2018,207655.9362
6/8/2018,207724.164
6/9/2018,200812.2758
6/10/2018,193673.292
6/11/2018,214611.715
6/12/2018,215796.3394
6/13/2018,214174.5272
6/14/2018,209936.6631
6/15/2018,208899.4673
6/16/2018,194575.6022
6/17/2018,183232.2951
6/18/2018,203682.6867
6/19/2018,208724.481
6/20/2018,210119.0741
6/21/2018,211217.1276
6/22/2018,212540.0164
6/23/2018,208515.0455
6/24/2018,196452.6016
6/25/2018,219538.0577
6/26/2018,221077.5113
6/27/2018,210579.7739
6/28/2018,216458.6977
6/29/2018,212627.5617
6/30/2018,204611.0159
7/1/2018,192432.0628
7/2/2018,193876.977
7/3/2018,213740.9282
7/4/2018,215280.6997
7/5/2018,217230.686
7/6/2018,213221.9649
7/7/2018,200584.4501
7/8/2018,187085.3316
7/9/2018,208775.9951
7/10/2018,216435.9905
7/11/2018,210083.9248
7/12/2018,207924.8997
7/13/2018,202648.1119
7/14/2018,196832.6218
7/15/2018,188232.516
7/16/2018,190384.4649
7/17/2018,213555.5437
7/18/2018,215980.6439
7/19/2018,213374.9074
7/20/2018,211454.0045
7/21/2018,205185.0191
7/22/2018,191304.2383
7/23/2018,215717.5049
7/24/2018,214240.1821
7/25/2018,214556.8095
7/26/2018,214371.6952
7/27/2018,217983.2542
7/28/2018,204280.061
7/29/2018,190684.4239
7/30/2018,209574.509
7/31/2018,207067.1779
8/1/2018,198983.7298
8/2/2018,199731.1171
8/3/2018,203612.2372
8/4/2018,200709.7814
8/5/2018,187947.8942
8/6/2018,212703.4963
8/7/2018,210134.8181
8/8/2018,203986.8994
8/9/2018,204714.0793
8/10/2018,203603.4822
8/11/2018,196717.8863
8/12/2018,176795.6605
8/13/2018,206932.8549
8/14/2018,207556.8442
8/15/2018,179017.2957
8/16/2018,198092.4816
8/17/2018,199903.1909
8/18/2018,190339.0703
8/19/2018,179110.1554
8/20/2018,199955.8854
8/21/2018,196772.3313
8/22/2018,209905.5888
8/23/2018,211303.1563
8/24/2018,208012.7278
8/25/2018,193467.7421
8/26/2018,181157.4188
8/27/2018,204200.4658
8/28/2018,204130.9042
8/29/2018,204396.0937
8/30/2018,205814.8162
8/31/2018,207307.3944
9/1/2018,193262.4378
9/2/2018,179412.7362
9/3/2018,197350.1181
9/4/2018,197825.3644
9/5/2018,197241.3377
9/6/2018,198591.2562
9/7/2018,200276.3974
9/8/2018,193278.178
9/9/2018,181392.9345
9/10/2018,200590.5521
9/11/2018,198125.8559
9/12/2018,195128.5508
9/13/2018,199032.6487
9/14/2018,198705.4385
9/15/2018,192370.1321
9/16/2018,177649.9852
9/17/2018,180341.6553
9/18/2018,175340.3274
9/19/2018,177209.8408
9/20/2018,200044.9848
9/21/2018,197296.3121
9/22/2018,191032.304
9/23/2018,179415.969
9/24/2018,198586.3782
9/25/2018,202097.0715
9/26/2018,201192.5924
9/27/2018,204293.5715
9/28/2018,203956.6741
9/29/2018,194324.0504
9/30/2018,185566.6351
10/1/2018,200118.4316
10/2/2018,203442.6607
10/3/2018,199985.5216
10/4/2018,200864.5957
10/5/2018,198944.6645
10/6/2018,186865.3544
10/7/2018,185449.8972
10/8/2018,203831.322
10/9/2018,212245.8669
10/10/2018,202234.5984
10/11/2018,202570.3093
10/12/2018,205453.8188
10/13/2018,192434.0148
10/14/2018,176880.7339
10/15/2018,186617.5605
10/16/2018,204959.1151
10/17/2018,200223.9199
10/18/2018,195076.6265
10/19/2018,202906.0599
10/20/2018,191013.3768
10/21/2018,183881.5412
10/22/2018,200277.7311
10/23/2018,203690.0753
10/24/2018,197457.2983
10/25/2018,202837.0151
10/26/2018,203970.206
10/27/2018,197458.4187
10/28/2018,184739.6596
10/29/2018,207643.4855
10/30/2018,182963.6942
10/31/2018,203593.4938
11/1/2018,184770.5346
11/2/2018,183508.3882
11/3/2018,183687.4813
11/4/2018,178255.7685
11/5/2018,200081.3422
11/6/2018,203318.5602
11/7/2018,198591.8917
11/8/2018,204441.5387
11/9/2018,206947.2524
11/10/2018,193943.8848
11/11/2018,179022.5706
11/12/2018,202223.7537
11/13/2018,203762.8793
11/14/2018,206713.6388
11/15/2018,206516.7698
11/16/2018,209538.5484
11/17/2018,198544.1306
11/18/2018,188924.2757
11/19/2018,212200.6429
11/20/2018,216395.4971
11/21/2018,216393.6191
11/22/2018,215118.1605
11/23/2018,217037.6809
11/24/2018,203811.3778
11/25/2018,189744.9688
11/26/2018,213447.6303
11/27/2018,215974.7052
11/28/2018,215828.0801
11/29/2018,216065.0545
11/30/2018,215448.9455
12/1/2018,201667.8823
12/2/2018,181938.9911
12/3/2018,210962.5577
12/4/2018,211642.1891
12/5/2018,209461.7962
12/6/2018,215324.4516
12/7/2018,212442.0277
12/8/2018,187620.1393
12/9/2018,180073.1748
12/10/2018,209738.1741
12/11/2018,215453.2464
12/12/2018,210655.4013
12/13/2018,203664.3119
12/14/2018,201171.1992
12/15/2018,191280.8042
12/16/2018,180516.8974
12/17/2018,210802.7346
12/18/2018,213824.8648
12/19/2018,207739.0926
12/20/2018,209143.3635
12/21/2018,214591.0559
12/22/2018,204787.0887
12/23/2018,191672.7332
12/24/2018,199108.5129
12/25/2018,177671.399
12/26/2018,210239.7499
12/27/2018,212655.3734
12/28/2018,214643.9694
12/29/2018,203135.2826
12/30/2018,190606.5842
12/31/2018,199087.6383
1/1/2019,173801.2364
1/2/2019,201215.8504
1/3/2019,205412.5316
1/4/2019,209126.2189
1/5/2019,201609.8681
1/6/2019,186986.1093
1/7/2019,209659.6621
1/8/2019,207670.0503
1/9/2019,201503.5031
1/10/2019,205211.6906
1/11/2019,207185.7992
1/12/2019,194584.9536
1/13/2019,181518.0582
1/14/2019,201395.1183
1/15/2019,207872.3521
1/16/2019,210668.5492
1/17/2019,211386.4988
1/18/2019,214656.779
1/19/2019,201385.1359
1/20/2019,185765.8461
1/21/2019,213560.9928
1/22/2019,213175.3707
1/23/2019,213571.0844
1/24/2019,216146.6031
1/25/2019,218960.9931
1/26/2019,207543.9862
1/27/2019,193172.6569
1/28/2019,218299.2455
1/29/2019,216862.7235
1/30/2019,214225.9347
1/31/2019,216399.1228
2/1/2019,216493.1317
2/2/2019,198110.4835
2/3/2019,183636.8379
2/4/2019,208602.2818
2/5/2019,216047.0831
2/6/2019,214828.9475
2/7/2019,210977.6962
2/8/2019,208785.4361
2/9/2019,194650.3482
2/10/2019,182233.6793
2/11/2019,201334.8629
2/12/2019,205674.6369
2/13/2019,200674.5992
2/14/2019,206135.5355
2/15/2019,214046.0249
2/16/2019,199255.4836
2/17/2019,189738.4208
2/18/2019,214694.1164
2/19/2019,217984.0657
2/20/2019,212449.8607
2/21/2019,208367.6498
2/22/2019,213145.139
2/23/2019,202933.3134
2/24/2019,187211.6468
2/25/2019,208331.6267
2/26/2019,213047.5377
2/27/2019,213846.7154
2/28/2019,214396.1226
3/1/2019,215814.5022
3/2/2019,203239.115
3/3/2019,188131.6326
3/4/2019,210555.2394
3/5/2019,216297.2543
3/6/2019,214178.88
3/7/2019,213452.7458
3/8/2019,216446.121
3/9/2019,203392.157
3/10/2019,188791.8177
3/11/2019,213580.0096
3/12/2019,217723.8525
3/13/2019,213476.256
3/14/2019,210060.5356
3/15/2019,208535.203
3/16/2019,195189.7574
3/17/2019,185044.7865
3/18/2019,207180.9198
3/19/2019,206068.9072
3/20/2019,206506.4048
3/21/2019,207143.7609
3/22/2019,206312.804
3/23/2019,198774.3212
3/24/2019,186409.3601
3/25/2019,208771.3607
3/26/2019,210598.9339
3/27/2019,204341.5194
3/28/2019,199718.7538
3/29/2019,201907.3078
3/30/2019,195242.79
3/31/2019,185361.6334
4/1/2019,197437.6568
4/2/2019,200625.0581
4/3/2019,197846.8886
4/4/2019,194734.2869
4/5/2019,198462.3261
4/6/2019,200317.1038
4/7/2019,181538.2383
4/8/2019,200315.1613
4/9/2019,202876.5361
4/10/2019,195570.7127
4/11/2019,194106.1333
4/12/2019,204047.5456
4/13/2019,197997.7891
4/14/2019,184058.4832
4/15/2019,199266.7721
4/16/2019,199680.8168
4/17/2019,200118.0745
4/18/2019,201885.5697
4/19/2019,182749.9821
4/20/2019,180792.0405
4/21/2019,181271.5244
4/22/2019,199896.4239
4/23/2019,204272.0881
4/24/2019,201148.5829
4/25/2019,202217.5964
4/26/2019,203714.1429
4/27/2019,195974.2584
4/28/2019,185349.4502
4/29/2019,204449.8596
4/30/2019,204666.6435
5/1/2019,181707.53
5/2/2019,200429.5063
5/3/2019,205994.8265
5/4/2019,201030.4607
5/5/2019,187351.1421
5/6/2019,204199.7012
5/7/2019,207391.3424
5/8/2019,204608.1671
5/9/2019,204108.8298
5/10/2019,204407.5044
5/11/2019,197538.2913
5/12/2019,185324.1197
5/13/2019,202771.102
5/14/2019,205345.1596
5/15/2019,204192.0678
5/16/2019,204724.9464
5/17/2019,205236.8703
5/18/2019,196408.6785
5/19/2019,189559.9742
5/20/2019,208942.494
5/21/2019,198515.8881
5/22/2019,214705.3163
5/23/2019,214660.6715
5/24/2019,216162.3461
5/25/2019,203196.0405
5/26/2019,191605.3536
5/27/2019,209845.8051
5/28/2019,210548.4699
5/29/2019,208886.6061
5/30/2019,205571.423
5/31/2019,205156.0996
6/1/2019,198943.8135
6/2/2019,184684.3235
6/3/2019,200841.6086
6/4/2019,207361.1484
6/5/2019,202668.157
6/6/2019,209353.234
6/7/2019,211596.4286
6/8/2019,203964.7234
6/9/2019,192155.7154
6/10/2019,210329.5596
6/11/2019,218121.9589
6/12/2019,216223.6868
6/13/2019,217267.7712
6/14/2019,218078.1408
6/15/2019,205819.0811
6/16/2019,191196.2381
6/17/2019,217559.0347
6/18/2019,212153.6019
6/19/2019,211570.2055
6/20/2019,213255.19
6/21/2019,214631.2782
6/22/2019,203698.4097
6/23/2019,194732.934
6/24/2019,220264.9807
6/25/2019,220683.0758
6/26/2019,219503.4582
6/27/2019,221486.2572
6/28/2019,213468.6926
6/29/2019,197837.7565
6/30/2019,197874.2667
7/1/2019,217398.0165
7/2/2019,217863.3876
7/3/2019,215301.8748
7/4/2019,215288.8863
7/5/2019,216608.5525
7/6/2019,207080.5737
7/7/2019,195045.1047
7/8/2019,214536.1394
7/9/2019,212617.8013
7/10/2019,217828.4891
7/11/2019,219056.0268
7/12/2019,219133.5227
7/13/2019,208101.9099
7/14/2019,195014.8747
7/15/2019,210898.9851
7/16/2019,198534.7123
7/17/2019,214620.8423
7/18/2019,211296.6246
7/19/2019,216200.7142
7/20/2019,204994.2546
7/21/2019,200623.2449
7/22/2019,221038.5889
7/23/2019,223200.3412
7/24/2019,219443.0876
7/25/2019,220105.2112
7/26/2019,218306.6828
7/27/2019,206826.6042
7/28/2019,195591.862
7/29/2019,212445.7174
7/30/2019,211139.7669
7/31/2019,213931.2251
8/1/2019,215348.4557
8/2/2019,212091.6302
8/3/2019,199761.7059
8/4/2019,190068.1644
8/5/2019,210172.0542
8/6/2019,213743.5228
8/7/2019,212033.4823
8/8/2019,215456.9275
8/9/2019,217917.4933
8/10/2019,208891.719
8/11/2019,193237.69
8/12/2019,212358.1812
8/13/2019,210387.2226
8/14/2019,205272.7054
8/15/2019,194105.1107
8/16/2019,208288.1217
8/17/2019,202394.8248
8/18/2019,194015.1961
8/19/2019,215533.3267
8/20/2019,208580.1018
8/21/2019,208443.8018
8/22/2019,208030.6895
8/23/2019,204043.7227
8/24/2019,196975.6463
8/25/2019,188785.8995
8/26/2019,204589.7288
8/27/2019,206711.831
8/28/2019,203602.2654
8/29/2019,206375.0072
8/30/2019,207964.0738
8/31/2019,197452.3345
9/1/2019,185307.7546
9/2/2019,203321.5878
9/3/2019,200611.2727
9/4/2019,198257.4066
9/5/2019,202169.784
9/6/2019,205371.9633
9/7/2019,198310.7429
9/8/2019,175282.3781
9/9/2019,205729.3072
9/10/2019,206697.1193
9/11/2019,202543.8577
9/12/2019,202179.1663
9/13/2019,204800.5292
9/14/2019,201700.7418
9/15/2019,192101.7795
9/16/2019,205216.1298
9/17/2019,199456.2842
9/18/2019,180017.7744
9/19/2019,178303.0406
9/20/2019,183197.9012
9/21/2019,188030.9747
9/22/2019,184418.4949
9/23/2019,203160.5529
9/24/2019,203335.0822
9/25/2019,199684.4722
9/26/2019,205872.9327
9/27/2019,209955.7811
9/28/2019,197670.2126
9/29/2019,187275.654
9/30/2019,209762.504
10/1/2019,218007.2347
10/2/2019,215297.4734
10/3/2019,210620.8677
10/4/2019,207028.9274
10/5/2019,195558.7601
10/6/2019,182394.2908
10/7/2019,203497.2961
10/8/2019,206225.4746
10/9/2019,206412.9895
10/10/2019,207833.6435
10/11/2019,209358.9492
10/12/2019,190911.6164
10/13/2019,184620.4915
10/14/2019,205391.5948
10/15/2019,206314.9933
10/16/2019,201975.7139
10/17/2019,200920.2603
10/18/2019,199028.4307
10/19/2019,188407.25
10/20/2019,172815.368
10/21/2019,177938.0784
10/22/2019,182011.1033
10/23/2019,184749.7444
10/24/2019,189458.2638
10/25/2019,194192.8203
10/26/2019,187459.9411
10/27/2019,177942.6768
10/28/2019,196425.2752
10/29/2019,200570.6945
10/30/2019,193548.1315
10/31/2019,180178.0007
11/1/2019,178302.7017
11/2/2019,183271.2875
11/3/2019,176263.5661
11/4/2019,201551.8902
11/5/2019,204386.1029
11/6/2019,206530.0421
11/7/2019,210232.4865
11/8/2019,212452.285
11/9/2019,201680.375
11/10/2019,187802.4224
11/11/2019,210501.281
11/12/2019,206750.2183
11/13/2019,207268.9968
11/14/2019,210685.2875
11/15/2019,215493.7692
11/16/2019,208293.1237
11/17/2019,194330.9128
11/18/2019,218563.9977
11/19/2019,221689.3645
11/20/2019,215454.0055
11/21/2019,215413.7906
11/22/2019,212857.7363
11/23/2019,202690.3835
11/24/2019,186945.0784
11/25/2019,210148.9101
11/26/2019,211167.0465
11/27/2019,212276.2811
11/28/2019,214406.2419
11/29/2019,215712.1425
11/30/2019,203037.1772
12/1/2019,189494.4641
12/2/2019,211325.0262
12/3/2019,215047.0443
12/4/2019,213909.1934
12/5/2019,213786.078
12/6/2019,216819.9641
12/7/2019,203450.4911
12/8/2019,191279.4854
12/9/2019,216726.9714
12/10/2019,218975.1443
12/11/2019,219359.8294
12/12/2019,222360.6827
12/13/2019,220673.072
12/14/2019,205367.3858
12/15/2019,190874.8924
12/16/2019,219066.7507
12/17/2019,222365.4088
12/18/2019,219242.5891
12/19/2019,217288.3911
12/20/2019,222042.3924
12/21/2019,212073.4732
12/22/2019,198836.4761
12/23/2019,223008.115
12/24/2019,215703.1355
12/25/2019,184969.8334
12/26/2019,217276.2782
12/27/2019,224236.601
12/28/2019,214967.9027
12/29/2019,201168.8148
12/30/2019,222258.2582
12/31/2019,213015.785
1/1/2020,181046.8454
1/2/2020,215020.1582
1/3/2020,220192.9796
1/4/2020,209581.7784
1/5/2020,192613.0424
1/6/2020,212169.2664
1/7/2020,214154.6322
1/8/2020,209192.9416
1/9/2020,213398.6952
1/10/2020,214329.1298
1/11/2020,202558.486
1/12/2020,187772.4407
1/13/2020,215123.3529
1/14/2020,217360.423
1/15/2020,214691.5475
1/16/2020,215641.6182
1/17/2020,219448.5507
1/18/2020,207201.0566
1/19/2020,189114.919
1/20/2020,215257.108
1/21/2020,220847.7997
1/22/2020,216298.2398
1/23/2020,221236.9828
1/24/2020,225750.3247
1/25/2020,211794.9309
1/26/2020,195942.0763
1/27/2020,223920.8847
1/28/2020,227759.0294
1/29/2020,222410.1776
1/30/2020,222365.3857
1/31/2020,221625.8344
2/1/2020,205317.4102
2/2/2020,191823.9601
2/3/2020,213966.3225
2/4/2020,215637.9596
2/5/2020,212655.623
2/6/2020,213215.2242
2/7/2020,216722.2227
2/8/2020,208462.1465
2/9/2020,197125.883
2/10/2020,220778.3472
2/11/2020,220110.7884
2/12/2020,216749.9335
2/13/2020,216309.9042
2/14/2020,214360.2006
2/15/2020,200942.5035
2/16/2020,188235.6399
2/17/2020,212348.6533
2/18/2020,216847.0303
2/19/2020,219031.0815
2/20/2020,222090.0233
2/21/2020,217973.4982
2/22/2020,205111.1585
2/23/2020,189936.9333
2/24/2020,214184.8377
2/25/2020,216786.6299
2/26/2020,216575.5731
2/27/2020,217641.6258
2/28/2020,216583.7182
2/29/2020,208804.8809
3/1/2020,186613.9336
3/2/2020,214900.3302
3/3/2020,218890.1943
3/4/2020,213975.856
3/5/2020,216406.5679
3/6/2020,221177.9054
3/7/2020,204529.0185
3/8/2020,191489.7174
3/9/2020,194914.6528
3/10/2020,205211.827
3/11/2020,211356.7805
3/12/2020,215207.5801
3/13/2020,220996.0181
3/14/2020,208016.2324
3/15/2020,191401.8291
3/16/2020,207656.6769
3/17/2020,212622.4559
3/18/2020,211681.0362
3/19/2020,206013.1342
3/20/2020,212783.0802
3/21/2020,200924.1549
3/22/2020,187597.0376
3/23/2020,206962.8483
3/24/2020,210957.5043
3/25/2020,209190.5986
3/26/2020,212341.6059
3/27/2020,207836.127
3/28/2020,199510.4584
3/29/2020,188077.6572
3/30/2020,205274.3931
3/31/2020,204838.5248
4/1/2020,200096.8778
4/2/2020,199610.6223
4/3/2020,198384.9993
4/4/2020,192049.8788
4/5/2020,178826.6365
4/6/2020,194224.3401
4/7/2020,202250.0687
4/8/2020,203390.5583
4/9/2020,200750.175
4/10/2020,185484.0431
4/11/2020,185011.4086
4/12/2020,183426.4069
4/13/2020,201925.0544
4/14/2020,203965.2434
4/15/2020,202480.6485
4/16/2020,204548.1693
4/17/2020,205522.5314
4/18/2020,193924.8962
4/19/2020,183774.7262
4/20/2020,201689.2912
4/21/2020,204726.6272
4/22/2020,198992.0415
4/23/2020,198702.4409
4/24/2020,205284.6014
4/25/2020,196491.1874
4/26/2020,188131.6789
4/27/2020,203114.6945
4/28/2020,205509.3006
4/29/2020,205843.852
4/30/2020,201792.6036
5/1/2020,181661.8697
5/2/2020,187528.2125
5/3/2020,184281.0639
5/4/2020,200499.1751
5/5/2020,200518.2153
5/6/2020,194569.9432
5/7/2020,197379.2574
5/8/2020,199873.651
5/9/2020,194031.8403
5/10/2020,185246.6647
5/11/2020,203609.8405
5/12/2020,200765.9643
5/13/2020,201128.8544
5/14/2020,197398.1785
5/15/2020,194745.2578
5/16/2020,187817.5268
5/17/2020,185196.21
5/18/2020,196332.3316
5/19/2020,207909.0402
5/20/2020,207451.2918
5/21/2020,194443.356
5/22/2020,200773.5114
5/23/2020,181464.7417
5/24/2020,181400.5143
5/25/2020,201205.2718
5/26/2020,197607.2502
5/27/2020,203126.7754
5/28/2020,210196.0494
5/29/2020,210579.3926
5/30/2020,195926.8518
5/31/2020,183074.6002
6/1/2020,193084.2517
6/2/2020,204916.1964
6/3/2020,190215.6661
6/4/2020,201029.392
6/5/2020,206887.7241
6/6/2020,198006.5155
6/7/2020,185818.6822
6/8/2020,197930.7016
6/9/2020,203053.5819
6/10/2020,200366.6918
6/11/2020,208779.9047
6/12/2020,211259.4767
6/13/2020,200514.3788
6/14/2020,183740.0057
6/15/2020,197860.1379
6/16/2020,198574.0679
6/17/2020,202305.9123
6/18/2020,207199.7016
6/19/2020,207394.0028
6/20/2020,201328.1712
6/21/2020,191224.5426
6/22/2020,211208.178
6/23/2020,211070.5426
6/24/2020,208345.5902
6/25/2020,211047.3184
6/26/2020,208785.7522
6/27/2020,199876.3135
6/28/2020,192698.035
6/29/2020,193570.8957
6/30/2020,199235.8324
7/1/2020,201119.696
7/2/2020,195689.7395
7/3/2020,194601.8175
7/4/2020,198830.0268
7/5/2020,186688.0418
7/6/2020,201708.6781
7/7/2020,205752.4553
7/8/2020,206722.5032
7/9/2020,204883.1317
7/10/2020,206481.2739
7/11/2020,200527.0084
7/12/2020,187398.9827
7/13/2020,199336.4711
7/14/2020,203735.6617
7/15/2020,201157.7107
7/16/2020,195244.8827
7/17/2020,205428.8608
7/18/2020,198973.9833
7/19/2020,189485.7152
7/20/2020,200630.4829
7/21/2020,208615.9554
7/22/2020,207505.9856
7/23/2020,206491.5192
7/24/2020,205151.9697
7/25/2020,205113.2786
7/26/2020,196208.0689
7/27/2020,208286.1157
7/28/2020,211070.5116
7/29/2020,208438.5895
7/30/2020,209277.706
7/31/2020,202771.7615
8/1/2020,196907.8333
8/2/2020,187694.1937
8/3/2020,198965.8486
8/4/2020,203529.008
8/5/2020,202075.5515
8/6/2020,202337.1798
8/7/2020,197292.1601
8/8/2020,187683.3533
8/9/2020,180508.1189
8/10/2020,202701.7958
8/11/2020,208122.9424
8/12/2020,210743.6442
8/13/2020,211463.3087
8/14/2020,208829.5854
8/15/2020,192046.6735
8/16/2020,187672.7399
8/17/2020,207225.7547
8/18/2020,212325.9504
8/19/2020,210300.2561
8/20/2020,207783.9554
8/21/2020,204434.1764
8/22/2020,194364.3237
8/23/2020,188529.8297
8/24/2020,206808.0253
8/25/2020,207628.7958
8/26/2020,208078.0021
8/27/2020,209748.4299
8/28/2020,212601.9812
8/29/2020,197895.0682
8/30/2020,189907.9151
8/31/2020,211775.0304
9/1/2020,213540.4991
9/2/2020,206561.1291
9/3/2020,205626.0492
9/4/2020,205112.4232
9/5/2020,194524.7079
9/6/2020,176625.2755
9/7/2020,205625.8262
9/8/2020,212254.8475
9/9/2020,204214.9512
9/10/2020,202991.5702
9/11/2020,201889.877
9/12/2020,190990.8586
9/13/2020,182978.8519
9/14/2020,201281.8723
9/15/2020,205026.5889
9/16/2020,200668.1813
9/17/2020,197222.0855
9/18/2020,179740.1059
9/19/2020,178476.1758
9/20/2020,181816.9365
9/21/2020,202667.5597
9/22/2020,203674.6342
9/23/2020,200671.5571
9/24/2020,203263.6565
9/25/2020,210248.0239
9/26/2020,194935.3028
9/27/2020,182781.8819
9/28/2020,203260.9948
9/29/2020,207822.0511
9/30/2020,201278.751
10/1/2020,203030.8307
10/2/2020,204309.4528
10/3/2020,197750.6477
10/4/2020,186499.0407
10/5/2020,202797.2306
10/6/2020,203113.5857
10/7/2020,201623.3998
10/8/2020,202453.0564
10/9/2020,204047.3238
10/10/2020,192863.3768
10/11/2020,180459.5809
10/12/2020,186499.0312
10/13/2020,205680.3745
10/14/2020,200631.0424
10/15/2020,206167.2597
10/16/2020,205916.4588
10/17/2020,197289.6894
10/18/2020,184474.1283
10/19/2020,203522.2292
10/20/2020,206196.6313
10/21/2020,205693.0747
10/22/2020,204710.139
10/23/2020,206264.0715
10/24/2020,195396.6735
10/25/2020,184357.4872
10/26/2020,208681.2782
10/27/2020,210509.4159
10/28/2020,208475.9142
10/29/2020,209222.0222
10/30/2020,210358.3217
10/31/2020,192762.0075
11/1/2020,186741.484
11/2/2020,205943.2133
11/3/2020,208537.9294
11/4/2020,208118.55
11/5/2020,207976.2877
11/6/2020,209406.8374
11/7/2020,197388.9502
11/8/2020,186571.3977
11/9/2020,208299.3336
11/10/2020,211785.0265
11/11/2020,209857.1418
11/12/2020,208464.3732
11/13/2020,204947.1878
11/14/2020,191086.2722
11/15/2020,181111.5324
11/16/2020,204542.5829
11/17/2020,208383.9816
11/18/2020,207282.2434
11/19/2020,210679.8716
11/20/2020,211454.9807
11/21/2020,200450.0833
11/22/2020,186323.3078
11/23/2020,209113.5653
11/24/2020,211930.3634
11/25/2020,211845.8407
11/26/2020,216512.6691
11/27/2020,217084.686
11/28/2020,204332.8032
11/29/2020,191262.2983
11/30/2020,217948.7907
12/1/2020,219988.4821
12/2/2020,214406.8888
12/3/2020,219451.8953
12/4/2020,220210.8528
12/5/2020,209156.8075
12/6/2020,193992.5032
12/7/2020,209903.5375
12/8/2020,200538.1152
12/9/2020,216628.316
12/10/2020,212489.8662
12/11/2020,214642.6385
12/12/2020,205770.5549
12/13/2020,198160.2014
12/14/2020,215800.98
12/15/2020,216796.4296
12/16/2020,216115.8407
12/17/2020,214933.6996
12/18/2020,217580.5414
12/19/2020,207970.6489
12/20/2020,197640.521
12/21/2020,221110.9699
12/22/2020,225427.6678
12/23/2020,223750.2222
12/24/2020,217923.7658
12/25/2020,194502.8495
12/26/2020,202628.7765
12/27/2020,200351.1885
12/28/2020,225514.6821
12/29/2020,225744.5006
12/30/2020,223874.1629
12/31/2020,217599.6676
1/1/2021,192088.675
1/2/2021,200269.0976
1/3/2021,198183.0296
1/4/2021,221765.349
1/5/2021,223530.3641
1/6/2021,218047.8988
1/7/2021,212453.2611
1/8/2021,214732.5042
1/9/2021,200449.1867
1/10/2021,189021.3183
1/11/2021,215234.5885
1/12/2021,217891.6726
1/13/2021,210267.1197
1/14/2021,204842.9692
1/15/2021,206856.5762
1/16/2021,202091.8157
1/17/2021,193735.9046
1/18/2021,219051.7089
1/19/2021,214366.9274
1/20/2021,214042.8341
1/21/2021,211178.9747
1/22/2021,213473.7023
1/23/2021,207116.8164
1/24/2021,193304.1981
1/25/2021,216271.8797
1/26/2021,212184.2247
1/27/2021,215356.0327
1/28/2021,208266.5847
1/29/2021,196356.2838
1/30/2021,190671.0962
1/31/2021,181183.8178
2/1/2021,204535.1919
2/2/2021,195496.2316
2/3/2021,200072.8655
2/4/2021,213370.4797
2/5/2021,210544.0831
2/6/2021,201324.7315
2/7/2021,188583.3296
2/8/2021,210348.2204
2/9/2021,212029.2263
2/10/2021,214666.722
2/11/2021,208108.2181
2/12/2021,200693.9834
2/13/2021,200328.0175
2/14/2021,186364.0461
2/15/2021,205406.8481
2/16/2021,205546.1841
2/17/2021,180027.9437
2/18/2021,179748.3531
2/19/2021,189425.5668
2/20/2021,184530.9002
2/21/2021,186010.4198
2/22/2021,199747.6002
2/23/2021,210707.8687
2/24/2021,217984.9666
2/25/2021,217983.1551
2/26/2021,220120.0778
2/27/2021,214219.2565
2/28/2021,200061.6106
3/1/2021,216126.0251
3/2/2021,215389.056
3/3/2021,215718.505
3/4/2021,215236.0644
3/5/2021,219954.5551
3/6/2021,213891.6458
3/7/2021,205815.9095
3/8/2021,223221.4928
3/9/2021,212389.2576
3/10/2021,206956.47
3/11/2021,210491.7058
3/12/2021,215193.7049
3/13/2021,203881.1943
3/14/2021,192073.763
3/15/2021,194986.021
3/16/2021,206607.9526
3/17/2021,208015.453
3/18/2021,210507.1994
3/19/2021,209394.4023
3/20/2021,199794.5085
3/21/2021,192222.3536
3/22/2021,214234.0436
3/23/2021,215831.7366
3/24/2021,214803.9236
3/25/2021,213998.9194
3/26/2021,215304.7855
3/27/2021,204148.2376
3/28/2021,191303.8709
3/29/2021,208815.9385
3/30/2021,210037.0271
3/31/2021,208920.998
4/1/2021,200592.4575
4/2/2021,191635.0341
4/3/2021,198160.7668
4/4/2021,191545.1975
4/5/2021,210198.7037
4/6/2021,215353.7592
4/7/2021,214424.3819
4/8/2021,213797.435
4/9/2021,214102.0315
4/10/2021,205654.3788
4/11/2021,191748.4809
4/12/2021,212608.1824
4/13/2021,215819.7272
4/14/2021,211585.8796
4/15/2021,209114.6017
4/16/2021,207282.6879
4/17/2021,193794.1409
4/18/2021,186373.883
4/19/2021,206077.6745
4/20/2021,210452.6839
4/21/2021,207703.6933
4/22/2021,209466.1478
4/23/2021,214395.2745
4/24/2021,202856.1828
4/25/2021,191561.1104
4/26/2021,208295.0786
4/27/2021,212686.5543
4/28/2021,210109.8579
4/29/2021,208540.0162
4/30/2021,215842.8984
5/1/2021,192476.3102
5/2/2021,194681.2508
5/3/2021,214981.2046
5/4/2021,218716.8643
5/5/2021,215063.7852
5/6/2021,214673.4492
5/7/2021,215997.7068
5/8/2021,203612.3652
5/9/2021,190279.2692
5/10/2021,213217.089
5/11/2021,214200.5969
5/12/2021,210478.1436
5/13/2021,204897.5028
5/14/2021,210015.774
5/15/2021,195532.7732
5/16/2021,193938.0148
5/17/2021,216225.2004
5/18/2021,218935.4648
5/19/2021,218346.1647
5/20/2021,219673.7243
5/21/2021,205193.4547
5/22/2021,204066.2649
5/23/2021,196151.9093
5/24/2021,217894.3412
5/25/2021,219425.6874
5/26/2021,218297.6813
5/27/2021,218771.2394
5/28/2021,215896.098
5/29/2021,212938.0763
5/30/2021,201921.8058
5/31/2021,216249.7708
6/1/2021,214908.8445
6/2/2021,210648.7034
6/3/2021,209907.0837
6/4/2021,214034.5508
6/5/2021,209162.8164
6/6/2021,200525.6693
6/7/2021,215261.9392
6/8/2021,217553.1221
6/9/2021,216718.5909
6/10/2021,216819.9439
6/11/2021,214305.5892
6/12/2021,206616.8316
6/13/2021,200921.7519
6/14/2021,219534.235
6/15/2021,225664.8894
6/16/2021,219476.8886
6/17/2021,221072.7675
6/18/2021,223152.4274
6/19/2021,212085.8688
6/20/2021,203254.2301
6/21/2021,208088.9751
6/22/2021,220978.3179
6/23/2021,225771.7407
6/24/2021,225201.6714
6/25/2021,231853.1337
6/26/2021,217052.0199
6/27/2021,210078.3886
6/28/2021,207212.4685
6/29/2021,224821.9817
6/30/2021,225042.1997
7/1/2021,227182.4631
7/2/2021,228333.6726
7/3/2021,215594.3972
7/4/2021,206395.0495
7/5/2021,226293.3573
7/6/2021,229451.9477
7/7/2021,223092.8014
7/8/2021,221449.388
7/9/2021,225831.7881
7/10/2021,215883.6853
7/11/2021,207076.3812
7/12/2021,213736.3644
7/13/2021,207324.0667
7/14/2021,204424.7432
7/15/2021,204949.8748
7/16/2021,204013.5506
7/17/2021,200524.8593
7/18/2021,187138.8454
7/19/2021,203433.8217
7/20/2021,203865.8162
7/21/2021,196901.1126
7/22/2021,199625.9699
7/23/2021,204490.7753
7/24/2021,187340.6114
7/25/2021,194815.9982
7/26/2021,212649.3606
7/27/2021,211454.3369
7/28/2021,211275.6233
7/29/2021,208290.0517
7/30/2021,204484.75
7/31/2021,207245.9331
8/1/2021,192987.1681
8/2/2021,200733.0556
8/3/2021,202696.1389
8/4/2021,197076.5443
8/5/2021,195755.599
8/6/2021,198290.4182
8/7/2021,198594.0092
8/8/2021,189398.054
8/9/2021,209916.7143
8/10/2021,211431.8742
8/11/2021,208372.6273
8/12/2021,204637.905
8/13/2021,209258.0094
8/14/2021,202952.7177
8/15/2021,201156.2162
8/16/2021,223861.0039
8/17/2021,217154.2798
8/18/2021,220996.8981
8/19/2021,215147.8229
8/20/2021,220733.4247
8/21/2021,206034.1068
8/22/2021,194745.0873
8/23/2021,221280.2877
8/24/2021,215844.9501
8/25/2021,209730.8116
8/26/2021,215945.9953
8/27/2021,217177.3823
8/28/2021,202843.1454
8/29/2021,191716.0625
8/30/2021,206770.6952
8/31/2021,213875.1898
9/1/2021,208350.0709
9/2/2021,210756.897
9/3/2021,216915.2986
9/4/2021,199069.6247
9/5/2021,181761.3056
9/6/2021,218972.9347
9/7/2021,221230.6778
9/8/2021,215047.5038
9/9/2021,217938.3286
9/10/2021,216489.8229
9/11/2021,211731.707
9/12/2021,201982.1999
9/13/2021,223745.8906
9/14/2021,222429.8876
9/15/2021,210059.0511
9/16/2021,207139.838
9/17/2021,193249.1682
9/18/2021,185622.1236
9/19/2021,185044.9682
9/20/2021,214593.6233
9/21/2021,220282.2037
9/22/2021,218438.3769
9/23/2021,214851.7391
9/24/2021,214754.4639
9/25/2021,204259.7914
9/26/2021,190154.4661
9/27/2021,211946.262
9/28/2021,212000.373
9/29/2021,204039.9123
9/30/2021,205752.7346
10/1/2021,209530.5292
10/2/2021,200002.157
10/3/2021,191722.1653
10/4/2021,211659.6003
10/5/2021,214050.8462
10/6/2021,212800.9408
10/7/2021,214266.7214
10/8/2021,213782.4976
10/9/2021,200413.8809
10/10/2021,188868.3128
10/11/2021,193687.3996
10/12/2021,209712.9845
10/13/2021,209797.333
10/14/2021,209037.8331
10/15/2021,213955.1908
10/16/2021,203406.3956
10/17/2021,192845.0964
10/18/2021,214420.5089
10/19/2021,216964.9924
10/20/2021,215873.0013
10/21/2021,216013.2542
10/22/2021,216958.104
10/23/2021,205098.3416
10/24/2021,194076.7903
10/25/2021,216863.2575
10/26/2021,217288.6924
10/27/2021,216575.9802
10/28/2021,220707.3484
10/29/2021,223686.6591
10/30/2021,211025.597
10/31/2021,195299.1222
11/1/2021,196137.8476
11/2/2021,216866.4562
11/3/2021,213737.3767
11/4/2021,211694.9887
11/5/2021,215538.8881
11/6/2021,204929.0709
11/7/2021,196744.0665
11/8/2021,217945.9603
11/9/2021,220683.8633
11/10/2021,215494.6802
11/11/2021,216221.8473
11/12/2021,220410.1143
11/13/2021,208837.935
11/14/2021,194121.3182
11/15/2021,213849.6381
11/16/2021,218071.4548
11/17/2021,208934.1367
11/18/2021,218937.9676
11/19/2021,219309.111
11/20/2021,208842.9767
11/21/2021,198556.2664
11/22/2021,223205.3478
11/23/2021,224836.68
11/24/2021,221701.2249
11/25/2021,220016.8026
11/26/2021,221228.9822
11/27/2021,208425.5189
11/28/2021,199875.1908
11/29/2021,218582.118
11/30/2021,219290.5896
12/1/2021,217101.4322
12/2/2021,220337.6371
12/3/2021,221494.4934
12/4/2021,211224.4318
12/5/2021,204389.1831
12/6/2021,218791.4659
12/7/2021,220619.5744
12/8/2021,211638.0047
12/9/2021,231173.3728
12/10/2021,228848.1766
12/11/2021,211252.1549
12/12/2021,196718.7044
12/13/2021,221588.2909
12/14/2021,224652.1092
12/15/2021,222089.1883
12/16/2021,222111.5484
12/17/2021,223501.4121
12/18/2021,214197.7296
12/19/2021,204952.8826
12/20/2021,226985.1184
12/21/2021,227723.6685
12/22/2021,225531.9409
12/23/2021,225819.6691
12/24/2021,220809.2696
12/25/2021,198641.4369
12/26/2021,204548.8531
12/27/2021,228515.0483
12/28/2021,228240.035
12/29/2021,213953.1667
12/30/2021,225061.365
12/31/2021,219844.4022
1/1/2022,235055.9924
1/2/2022,201182.3607
1/3/2022,215279.1938
1/4/2022,207613.2715
1/5/2022,205921.4116
1/6/2022,205544.3774
1/7/2022,211609.724
1/8/2022,208247.9361
1/9/2022,204495.7247
1/10/2022,202947.0246
1/11/2022,204940.0775
1/12/2022,206069.2665
1/13/2022,202724.7347
1/14/2022,215489.1721
1/15/2022,217622.5283
1/16/2022,229441.0288
1/17/2022,220281.8325
1/18/2022,223632.1075
1/19/2022,231132.8778
1/20/2022,224887.1947
1/21/2022,216337.0416
1/22/2022,215681.1621
1/23/2022,206440.3375
1/24/2022,203590.2788
1/25/2022,199556.8516
1/26/2022,198124.0956
1/27/2022,219090.0316
1/28/2022,210386.4417
1/29/2022,213092.4554
1/30/2022,206536.255
1/31/2022,197046.1395
2/1/2022,199630.2165
2/2/2022,194466.8767
2/3/2022,198728.5788
2/4/2022,176166.9879
2/5/2022,187549.03
2/6/2022,184945.3629
2/7/2022,182462.0626
2/8/2022,208463.1799
2/9/2022,215959.3765
2/10/2022,209836.5619
2/11/2022,206243.8996
2/12/2022,211775.12
2/13/2022,213841.1274
2/14/2022,205238.037
2/15/2022,201618.902
2/16/2022,214830.3218
2/17/2022,222995.4264
2/18/2022,222112.3616
2/19/2022,230558.6073
2/20/2022,221028.0543
2/21/2022,217914.764
2/22/2022,206679.2211
2/23/2022,209819.6824
2/24/2022,200915.3867
2/25/2022,205770.3921
2/26/2022,190380.0877
2/27/2022,190412.8929
2/28/2022,185311.7889
3/1/2022,187667.4555
3/2/2022,202681.3529
3/3/2022,217503.2602
3/4/2022,220123.8808
3/5/2022,207200.0586
3/6/2022,204128.9681
3/7/2022,203074.6955
3/8/2022,202401.6114
3/9/2022,210363.5622
3/10/2022,217600.6283
3/11/2022,207240.5816
3/12/2022,218021.6745
3/13/2022,208033.6295
3/14/2022,199216.7709
3/15/2022,211150.734
3/16/2022,208416.6081
3/17/2022,213216.2184
3/18/2022,206847.2431
3/19/2022,195321.7501
3/20/2022,197423.336
3/21/2022,201138.4393
3/22/2022,187800.0551
3/23/2022,195558.9429
3/24/2022,198246.3689
3/25/2022,201747.4793
3/26/2022,191428.1287
3/27/2022,198532.2015
3/28/2022,204224.6034
3/29/2022,204458.8063
3/30/2022,210653.1069
3/31/2022,214108.2057
4/1/2022,221575.206
4/2/2022,211690.0611
4/3/2022,212157.1129
4/4/2022,214649.8613
4/5/2022,206005.569
4/6/2022,202729.1698
4/7/2022,209017.4182
4/8/2022,214178.1894
4/9/2022,215933.989
4/10/2022,211099.9417
4/11/2022,201997.7775
4/12/2022,198421.785
4/13/2022,208776.595
4/14/2022,210673.4879
4/15/2022,216059.1332
4/16/2022,210513.5154
4/17/2022,198970.2496
4/18/2022,201419.6323
4/19/2022,209596.4229
4/20/2022,200939.9417
4/21/2022,209055.2215
4/22/2022,206179.5265
4/23/2022,212891.21
4/24/2022,209174.7112
4/25/2022,187918.19
4/26/2022,201240.7126
4/27/2022,201459.2017
4/28/2022,221668.7667
4/29/2022,224953.2402
4/30/2022,209767.0735
5/1/2022,205069.0687
5/2/2022,206055.6465
5/3/2022,205479.2838
5/4/2022,208251.3969
5/5/2022,208095.7282
5/6/2022,206690.38
5/7/2022,209816.1802
5/8/2022,196319.0971
5/9/2022,197144.4002
5/10/2022,206797.9819
5/11/2022,196291.7824
5/12/2022,206333.4413
5/13/2022,213332.3299
5/14/2022,216198.073
5/15/2022,210067.7231
5/16/2022,206820.0276
5/17/2022,209661.1704
5/18/2022,207266.4121
5/19/2022,222394.6336
5/20/2022,211788.6053
5/21/2022,208857.0107
5/22/2022,204651.6634
5/23/2022,197763.3365
5/24/2022,203637.6391
5/25/2022,204185.8904
5/26/2022,220697.9954
5/27/2022,211432.569
5/28/2022,205096.2411
5/29/2022,209177.5726
5/30/2022,191427.2079
5/31/2022,188479.4484
6/1/2022,182887.5195
6/2/2022,193985.7456
6/3/2022,191370.7523
6/4/2022,192162.7844
6/5/2022,192288.4922
6/6/2022,183772.2587
6/7/2022,182689.2301
6/8/2022,187845.5079
6/9/2022,188004.5877
6/10/2022,184139.5778
6/11/2022,181524.1783
6/12/2022,179716.4713
6/13/2022,181134.2952
6/14/2022,182201.2259
6/15/2022,179799.134
6/16/2022,182220.3682
6/17/2022,187582.0975
6/18/2022,184421.3477
6/19/2022,178452.1045
6/20/2022,177714.0975
6/21/2022,192567.9824
6/22/2022,191501.7832
6/23/2022,192361.0287
6/24/2022,199570.3398
6/25/2022,192110.2424
6/26/2022,202150.0208
6/27/2022,199326.2874
6/28/2022,197304.4163
6/29/2022,197228.4214
6/30/2022,200287.2756
7/1/2022,197952.1764
7/2/2022,191865.3454
7/3/2022,191648.372
7/4/2022,192245.1215
7/5/2022,198005.8402
7/6/2022,193737.1636
7/7/2022,199645.0229
7/8/2022,209630.0353
7/9/2022,205507.5554
7/10/2022,190192.2697
7/11/2022,190621.2081
7/12/2022,189675.8074
7/13/2022,195677.5168
7/14/2022,201257.1909
7/15/2022,209695.5368
7/16/2022,196193.6156
7/17/2022,187945.7309
7/18/2022,192427.3445
7/19/2022,205620.2694
7/20/2022,203681.4437
7/21/2022,217656.3518
7/22/2022,216353.2888
7/23/2022,211795.779
7/24/2022,215465.9733
7/25/2022,226870.867
7/26/2022,220425.9033
7/27/2022,221416.5755
7/28/2022,213668.2381
7/29/2022,209284.353
7/30/2022,207858.8544
7/31/2022,221864.6916
8/1/2022,214236.8491
8/2/2022,218822.306
8/3/2022,217455.2739
8/4/2022,219057.079
8/5/2022,216008.718
8/6/2022,222426.9236
8/7/2022,222282.7932
8/8/2022,221413.7565
8/9/2022,220598.1396
8/10/2022,205608.1223
8/11/2022,203622.9324
8/12/2022,210939.4084
8/13/2022,220919.5516
8/14/2022,212258.2627
8/15/2022,209362.441
8/16/2022,204685.6345
8/17/2022,196375.6875
8/18/2022,204547.3674
8/19/2022,207709.108
8/20/2022,198568.8335
8/21/2022,202537.8012
8/22/2022,207783.233
8/23/2022,216221.8246
8/24/2022,218389.057
8/25/2022,211141.9788
8/26/2022,211248.7125
8/27/2022,220132.9292
8/28/2022,207108.9667
8/29/2022,206759.9545
8/30/2022,214387.5509
8/31/2022,201432.4148
9/1/2022,202076.9652
9/2/2022,215183.3732
9/3/2022,215124.2059
9/4/2022,209846.8135
9/5/2022,212633.5148
9/6/2022,212219.257
9/7/2022,214248.691
9/8/2022,222541.1303
9/9/2022,230621.2533
9/10/2022,232363.824
9/11/2022,236807.2038
9/12/2022,242612.7111
9/13/2022,254963.7509
9/14/2022,251451.1571
9/15/2022,247076.9389
9/16/2022,237822.0478
9/17/2022,246734.1018
9/18/2022,243844.8672
9/19/2022,247574.1165
9/20/2022,237007.488
9/21/2022,226370.1302
9/22/2022,234403.0938
9/23/2022,240231.4938
9/24/2022,244713.6037
9/25/2022,247602.2038
9/26/2022,258377.6591
9/27/2022,259628.9291
9/28/2022,264238.4961
9/29/2022,263547.4405
9/30/2022,253976.3555
10/1/2022,239067.0766
10/2/2022,243940.9662
10/3/2022,245019.9037
10/4/2022,252480.418
10/5/2022,254072.0591
10/6/2022,247465.2965
10/7/2022,255966.6794
10/8/2022,247782.8063
10/9/2022,256155.0283
10/10/2022,250193.3561
10/11/2022,248845.6984
10/12/2022,248111.7251
10/13/2022,239609.9456
10/14/2022,253548.7917
10/15/2022,248872.439
10/16/2022,257238.7852
10/17/2022,253147.2437
10/18/2022,264490.4901
10/19/2022,261196.4112
10/20/2022,256913.8474
10/21/2022,263806.9348
10/22/2022,271496.8738
10/23/2022,259254.974
10/24/2022,259234.6786
10/25/2022,264597.5034
10/26/2022,261968.3255
10/27/2022,258245.4764
10/28/2022,249873.8548
10/29/2022,243239.3854
10/30/2022,248617.45
10/31/2022,249395.6104
11/1/2022,244541.5961
11/2/2022,249157.0664
11/3/2022,252864.2517
11/4/2022,267885.3316
11/5/2022,265688.308
11/6/2022,254571.5654
11/7/2022,240388.7812
11/8/2022,225355.6249
11/9/2022,228093.5059
11/10/2022,239227.8631
11/11/2022,231826.519
11/12/2022,236615.2799
11/13/2022,252404.7866
11/14/2022,246309.9584
11/15/2022,232417.0281
11/16/2022,223937.1322
11/17/2022,217409.3076
11/18/2022,227313.0386
11/19/2022,230341.8229
11/20/2022,220926.4899
11/21/2022,219809.6164
11/22/2022,220309.0954
11/23/2022,213401.7457
11/24/2022,224038.5203
11/25/2022,220865.3738
11/26/2022,223123.8249
11/27/2022,230818.4935
11/28/2022,236877.6497
11/29/2022,224019.7378
11/30/2022,218409.1592
12/1/2022,225639.7074
12/2/2022,225155.0366
12/3/2022,218194.2991
12/4/2022,218165.1149
12/5/2022,220816.5413
12/6/2022,213837.872
12/7/2022,199251.3935
12/8/2022,197861.6152
12/9/2022,210667.5763
12/10/2022,200402.0186
12/11/2022,213718.2632
12/12/2022,226853.6657
12/13/2022,230964.3979
12/14/2022,223654.2058
12/15/2022,225267.0307
12/16/2022,224426.0845
12/17/2022,204385.4853
12/18/2022,209416.8492
12/19/2022,205082.8276
12/20/2022,213115.32
12/21/2022,227128.4025
12/22/2022,232663.9376
12/23/2022,239210.6964
12/24/2022,251684.9436
12/25/2022,249639.0146
12/26/2022,241754.5647
12/27/2022,252469.3374
12/28/2022,254814.3236
12/29/2022,245893.0226
12/30/2022,238213.6441
12/31/2022,247179.3879
